group,estadistico_normalidad,p_valor_normalidad
target = 0,2.243648025426597,0.3256851985697876
target = 1,13.363991235527788,0.0012532744186320298
